sample_name,rnai
MED4_SRR3487882,MED4
Taf4_SRR3487883,Taf4
pad_SRR3487884,pad
CG10366_SRR3487885,CG10366
CG3711_SRR3487886,CG3711
zfh1_SRR3487887,zfh1
Met_SRR3487888,Met
CG8159_SRR3487889,CG8159
lola_SRR3487890,lola
Taf12_SRR3487891,Taf12
CG17612_SRR3487892,CG17612
Cdk8_SRR3487893,Cdk8
Spt3_SRR3487894,Spt3
bs_SRR3487895,bs
vri_SRR3487896,vri
btn_SRR3487897,btn
Taf7_SRR3487898,Taf7
Gcn5_SRR3487899,Gcn5
Ets96B_SRR3487900,Ets96B
CG4854_SRR3487901,CG4854
CG6276_SRR3487902,CG6276
CG3281_SRR3487903,CG3281
CG1792_SRR3487904,CG1792
br_SRR3487905,br
MED11_SRR3487906,MED11
CG1233_SRR3487907,CG1233
ush_SRR3487908,ush
nej_SRR3487909,nej
CG9609_SRR3487910,CG9609
Rpb11_SRR3487911,Rpb11
bigmax_SRR3487912,bigmax
Hr78_SRR3487913,Hr78
CG14667_SRR3487914,CG14667
HP1c_SRR3487915,HP1c
Dsp1_SRR3487916,Dsp1
Med_SRR3487917,Med
Deaf1_SRR3487918,Deaf1
cbt_SRR3487919,cbt
d4_SRR3487920,d4
crol_SRR3487921,crol
D19A_SRR3487922,D19A
XNP_SRR3487923,XNP
Bap170_SRR3487924,Bap170
CG13204_SRR3487925,CG13204
CG10321_SRR3487926,CG10321
emc_SRR3487927,emc
trr_SRR3487928,trr
CG12236_SRR3487929,CG12236
CG12942_SRR3487930,CG12942
glu_SRR3487931,glu
MED16_SRR3487932,MED16
CG2199_SRR3487933,CG2199
mip130_SRR3487934,mip130
brk_SRR3487935,brk
Jra_SRR3487936,Jra
Ssb-c31a_SRR3487937,Ssb-c31a
CG6689_SRR3487938,CG6689
Chi_SRR3487939,Chi
CG9305_SRR3487940,CG9305
sba_SRR3487941,sba
Hr39_SRR3487942,Hr39
LacZ_SRR3487943,LacZ
peb_SRR3487944,peb
Nurf-38_SRR3487945,Nurf-38
CG17385_SRR3487946,CG17385
CG7099_SRR3487947,CG7099
Ets97D_SRR3487948,Ets97D
CTCF_SRR3487949,CTCF
CG1663_SRR3487950,CG1663
E[spl]m3-HLH_SRR3487951,E[spl]m3-HLH
CG11902_SRR3487952,CG11902
aop_SRR3487953,aop
CG8145_SRR3487954,CG8145
brm_SRR3487955,brm
CG12299_SRR3487956,CG12299
Hnf4_SRR3487957,Hnf4
ttk_SRR3487958,ttk
grau_SRR3487959,grau
Hsf_SRR3487960,Hsf
CG1529_SRR3487961,CG1529
Su[var]2-10_SRR3487962,Su[var]2-10
chinmo_SRR3487963,chinmo
dalao_SRR3487964,dalao
e[y]1_SRR3487965,e[y]1
Iswi_SRR3487966,Iswi
Mio_SRR3487967,Mio
CG12219_SRR3487968,CG12219
Lhr_SRR3487969,Lhr
CG15073_SRR3487970,CG15073
DIP1_SRR3487971,DIP1
Xpd_SRR3487972,Xpd
CG8301_SRR3487973,CG8301
CG3838_SRR3487974,CG3838
h_SRR3487975,h
Blimp-1_SRR3487976,Blimp-1
Opbp_SRR3487977,Opbp
wdn_SRR3487978,wdn
MED7_SRR3487979,MED7
Rtf1_SRR3487980,Rtf1
E[var]3-9_SRR3487981,E[var]3-9
Kdm4A_SRR3487982,Kdm4A
HP1b_SRR3487983,HP1b
CG17912_SRR3487984,CG17912
dalao_SRR3487985,dalao
CG3065_SRR3487986,CG3065
Atf3_SRR3487987,Atf3
BtbVII_SRR3487988,BtbVII
CG9727_SRR3487989,CG9727
pnt_SRR3487990,pnt
CG2051_SRR3487991,CG2051
CG17361_SRR3487992,CG17361
tna_SRR3487993,tna
CG2678_SRR3487994,CG2678
tgo_SRR3487995,tgo
HmgD_SRR3487996,HmgD
mamo_SRR3487997,mamo
abo_SRR3487998,abo
Camta_SRR3487999,Camta
Alh_SRR3488000,Alh
CG10959_SRR3488001,CG10959
pan_SRR3488002,pan
CG17829_SRR3488003,CG17829
Meics_SRR3488004,Meics
CG7372_SRR3488005,CG7372
Clamp_SRR3488006,Clamp
Ssrp_SRR3488007,Ssrp
CG1529_SRR3488008,CG1529
MED30_SRR3488009,MED30
Aef1_SRR3488010,Aef1
CG10209_SRR3488011,CG10209
Atf6_SRR3488012,Atf6
CG13775_SRR3488013,CG13775
CG13897_SRR3488014,CG13897
CG18262_SRR3488015,CG18262
CG15436_SRR3488016,CG15436
ph-d_SRR3488017,ph-d
CG7987_SRR3488018,CG7987
Su[var]2-HP2_SRR3488019,Su[var]2-HP2
CG2202_SRR3488020,CG2202
CG4360_SRR3488021,CG4360
ap_SRR3488022,ap
CG1024_SRR3488023,CG1024
sqz_SRR3488024,sqz
Trf2_SRR3488025,Trf2
hang_SRR3488026,hang
Sfmbt_SRR3488027,Sfmbt
CG10147_SRR3488028,CG10147
CG11695_SRR3488029,CG11695
CG4557_SRR3488030,CG4557
CG11247_SRR3488031,CG11247
CG32767_SRR3488032,CG32767
Taf10_SRR3488033,Taf10
ash1_SRR3488034,ash1
Zif_SRR3488035,Zif
dl_SRR3488036,dl
CG5147_SRR3488037,CG5147
LacZ_SRR3488038,LacZ
CG17359_SRR3488039,CG17359
lid_SRR3488040,lid
CG15514_SRR3488041,CG15514
CG17328_SRR3488042,CG17328
CG2678_SRR3488043,CG2678
CG3032_SRR3488044,CG3032
exd_SRR3488045,exd
Asx_SRR3488046,Asx
CG10462_SRR3488047,CG10462
M1BP_SRR3488048,M1BP
dwg_SRR3488049,dwg
chn_SRR3488050,chn
CG17802_SRR3488051,CG17802
E2f1_SRR3488052,E2f1
Taf1_SRR3488053,Taf1
CG10949_SRR3488054,CG10949
wda_SRR3488055,wda
CG2116_SRR3488056,CG2116
Mrtf_SRR3488057,Mrtf
az2_SRR3488058,az2
CG10631_SRR3488059,CG10631
CG6791_SRR3488060,CG6791
mip120_SRR3488061,mip120
CG7386_SRR3488062,CG7386
CG17328_SRR3488063,CG17328
ranshi_SRR3488064,ranshi
Rabex-5_SRR3488065,Rabex-5
CG17568_SRR3488066,CG17568
fru_SRR3488067,fru
CG2129_SRR3488068,CG2129
CG3838_SRR3488069,CG3838
h_SRR3488070,h
Blimp-1_SRR3488071,Blimp-1
Opbp_SRR3488072,Opbp
wdn_SRR3488073,wdn
MED7_SRR3488074,MED7
Rtf1_SRR3488075,Rtf1
E[var]3-9_SRR3488076,E[var]3-9
Kdm4A_SRR3488077,Kdm4A
HP1b_SRR3488078,HP1b
CG17912_SRR3488079,CG17912
dalao_SRR3488080,dalao
CG3065_SRR3488081,CG3065
Atf3_SRR3488082,Atf3
BtbVII_SRR3488083,BtbVII
CG9727_SRR3488084,CG9727
pnt_SRR3488085,pnt
CG2051_SRR3488086,CG2051
CG17361_SRR3488087,CG17361
tna_SRR3488088,tna
CG2678_SRR3488089,CG2678
tgo_SRR3488090,tgo
HmgD_SRR3488091,HmgD
mamo_SRR3488092,mamo
abo_SRR3488093,abo
Camta_SRR3488094,Camta
Alh_SRR3488095,Alh
CG10959_SRR3488096,CG10959
pan_SRR3488097,pan
CG17829_SRR3488098,CG17829
Meics_SRR3488099,Meics
CG7372_SRR3488100,CG7372
Clamp_SRR3488101,Clamp
Ssrp_SRR3488102,Ssrp
CG1529_SRR3488103,CG1529
MED30_SRR3488104,MED30
Aef1_SRR3488105,Aef1
CG10209_SRR3488106,CG10209
Atf6_SRR3488107,Atf6
CG13775_SRR3488108,CG13775
CG13897_SRR3488109,CG13897
CG18262_SRR3488110,CG18262
CG15436_SRR3488111,CG15436
ph-d_SRR3488112,ph-d
CG7987_SRR3488113,CG7987
Su[var]2-HP2_SRR3488114,Su[var]2-HP2
CG2202_SRR3488115,CG2202
CG4360_SRR3488116,CG4360
ap_SRR3488117,ap
CG1024_SRR3488118,CG1024
sqz_SRR3488119,sqz
Trf2_SRR3488120,Trf2
hang_SRR3488121,hang
Sfmbt_SRR3488122,Sfmbt
CG10147_SRR3488123,CG10147
CG11695_SRR3488124,CG11695
CG4557_SRR3488125,CG4557
CG11247_SRR3488126,CG11247
CG32767_SRR3488127,CG32767
Taf10_SRR3488128,Taf10
ash1_SRR3488129,ash1
Zif_SRR3488130,Zif
dl_SRR3488131,dl
CG5147_SRR3488132,CG5147
LacZ_SRR3488133,LacZ
CG17359_SRR3488134,CG17359
lid_SRR3488135,lid
CG15514_SRR3488136,CG15514
CG17328_SRR3488137,CG17328
CG2678_SRR3488138,CG2678
CG3032_SRR3488139,CG3032
exd_SRR3488140,exd
Asx_SRR3488141,Asx
CG10462_SRR3488142,CG10462
M1BP_SRR3488143,M1BP
dwg_SRR3488144,dwg
chn_SRR3488145,chn
CG17802_SRR3488146,CG17802
E2f1_SRR3488147,E2f1
Taf1_SRR3488148,Taf1
CG10949_SRR3488149,CG10949
wda_SRR3488150,wda
CG2116_SRR3488151,CG2116
Mrtf_SRR3488152,Mrtf
az2_SRR3488153,az2
CG10631_SRR3488154,CG10631
CG6791_SRR3488155,CG6791
mip120_SRR3488156,mip120
CG7386_SRR3488157,CG7386
CG17328_SRR3488158,CG17328
ranshi_SRR3488159,ranshi
Rabex-5_SRR3488160,Rabex-5
CG17568_SRR3488161,CG17568
fru_SRR3488162,fru
CG2129_SRR3488163,CG2129
enok_SRR3488164,enok
Hcf_SRR3488165,Hcf
key_SRR3488166,key
CG10654_SRR3488167,CG10654
CG12219_SRR3488168,CG12219
cwo_SRR3488169,cwo
Not1_SRR3488170,Not1
CG3995_SRR3488171,CG3995
CG5641_SRR3488172,CG5641
CG7928_SRR3488173,CG7928
CG8944_SRR3488174,CG8944
CrebA_SRR3488175,CrebA
ERR_SRR3488176,ERR
her_SRR3488177,her
kto_SRR3488178,kto
CG10669_SRR3488179,CG10669
CG12299_SRR3488180,CG12299
cwo_SRR3488181,cwo
CG2202_SRR3488182,CG2202
CG4282_SRR3488183,CG4282
Spps_SRR3488184,Spps
CG7963_SRR3488185,CG7963
CG9215_SRR3488186,CG9215
crp_SRR3488187,crp
HLH106_SRR3488188,HLH106
l[1]1Bi_SRR3488189,l[1]1Bi
CG10979_SRR3488190,CG10979
CG12391_SRR3488191,CG12391
Set2_SRR3488192,Set2
CG31365_SRR3488193,CG31365
CG4424_SRR3488194,CG4424
CG6254_SRR3488195,CG6254
CG8089_SRR3488196,CG8089
CG9705_SRR3488197,CG9705
cyc_SRR3488198,cyc
foxo_SRR3488199,foxo
E[spl]mbeta-HLH_SRR3488200,E[spl]mbeta-HLH
lds_SRR3488201,lds
CG11398_SRR3488202,CG11398
CG12744_SRR3488203,CG12744
CG17568_SRR3488204,CG17568
CG31388_SRR3488205,CG31388
CG4496_SRR3488206,CG4496
CG6654_SRR3488207,CG6654
CG8359_SRR3488208,CG8359
Chd1_SRR3488209,Chd1
da_SRR3488210,da
ftz-f1_SRR3488211,ftz-f1
Hmr_SRR3488212,Hmr
lilli_SRR3488213,lilli
CG11414_SRR3488214,CG11414
CG13123_SRR3488215,CG13123
CG17806_SRR3488216,CG17806
CG3407_SRR3488217,CG3407
mtRNApol_SRR3488218,mtRNApol
Plzf_SRR3488219,Plzf
CG8388_SRR3488220,CG8388
Chro_SRR3488221,Chro
Dp_SRR3488222,Dp
fu2_SRR3488223,fu2
jing_SRR3488224,jing
Mad_SRR3488225,Mad
CG11456_SRR3488226,CG11456
CG14710_SRR3488227,CG14710
LacZ_SRR3488228,LacZ
CG3838_SRR3488229,CG3838
CG4707_SRR3488230,CG4707
CG6813_SRR3488231,CG6813
CG8478_SRR3488232,CG8478
CkIIalpha-i1_SRR3488233,CkIIalpha-i1
Dref_SRR3488234,Dref
GATAd_SRR3488235,GATAd
jumu_SRR3488236,jumu
Max_SRR3488237,Max
CG11696_SRR3488238,CG11696
CG15011_SRR3488239,CG15011
Br140_SRR3488240,Br140
CG3909_SRR3488241,CG3909
CG4820_SRR3488242,CG4820
CG34422_SRR3488243,CG34422
CG8578_SRR3488244,CG8578
Cp190_SRR3488245,Cp190
E2f2_SRR3488246,E2f2
hay_SRR3488247,hay
ken_SRR3488248,ken
MBD-like_SRR3488249,MBD-like
CG12054_SRR3488250,CG12054
CG1602_SRR3488251,CG1602
CG18476_SRR3488252,CG18476
CG3919_SRR3488253,CG3919
CG4936_SRR3488254,CG4936
CG7818_SRR3488255,CG7818
CG8924_SRR3488256,CG8924
crc_SRR3488257,crc
ecd_SRR3488258,ecd
enok_SRR3488259,enok
Hcf_SRR3488260,Hcf
key_SRR3488261,key
CG10654_SRR3488262,CG10654
CG12219_SRR3488263,CG12219
cwo_SRR3488264,cwo
Not1_SRR3488265,Not1
CG3995_SRR3488266,CG3995
CG5641_SRR3488267,CG5641
CG7928_SRR3488268,CG7928
CG8944_SRR3488269,CG8944
CrebA_SRR3488270,CrebA
ERR_SRR3488271,ERR
her_SRR3488272,her
kto_SRR3488273,kto
CG10669_SRR3488274,CG10669
CG12299_SRR3488275,CG12299
cwo_SRR3488276,cwo
CG2202_SRR3488277,CG2202
CG4282_SRR3488278,CG4282
Spps_SRR3488279,Spps
CG7963_SRR3488280,CG7963
CG9215_SRR3488281,CG9215
crp_SRR3488282,crp
HLH106_SRR3488283,HLH106
l[1]1Bi_SRR3488284,l[1]1Bi
CG10979_SRR3488285,CG10979
CG12391_SRR3488286,CG12391
Set2_SRR3488287,Set2
CG31365_SRR3488288,CG31365
CG4424_SRR3488289,CG4424
CG6254_SRR3488290,CG6254
CG8089_SRR3488291,CG8089
CG9705_SRR3488292,CG9705
cyc_SRR3488293,cyc
foxo_SRR3488294,foxo
E[spl]mbeta-HLH_SRR3488295,E[spl]mbeta-HLH
lds_SRR3488296,lds
CG11398_SRR3488297,CG11398
CG12744_SRR3488298,CG12744
CG17568_SRR3488299,CG17568
CG31388_SRR3488300,CG31388
CG4496_SRR3488301,CG4496
CG6654_SRR3488302,CG6654
CG8359_SRR3488303,CG8359
Chd1_SRR3488304,Chd1
da_SRR3488305,da
ftz-f1_SRR3488306,ftz-f1
Hmr_SRR3488307,Hmr
lilli_SRR3488308,lilli
CG11414_SRR3488309,CG11414
CG13123_SRR3488310,CG13123
CG17806_SRR3488311,CG17806
CG3407_SRR3488312,CG3407
mtRNApol_SRR3488313,mtRNApol
Plzf_SRR3488314,Plzf
CG8388_SRR3488315,CG8388
Chro_SRR3488316,Chro
Dp_SRR3488317,Dp
fu2_SRR3488318,fu2
jing_SRR3488319,jing
Mad_SRR3488320,Mad
CG11456_SRR3488321,CG11456
CG14710_SRR3488322,CG14710
LacZ_SRR3488323,LacZ
CG3838_SRR3488324,CG3838
CG4707_SRR3488325,CG4707
CG6813_SRR3488326,CG6813
CG8478_SRR3488327,CG8478
CkIIalpha-i1_SRR3488328,CkIIalpha-i1
Dref_SRR3488329,Dref
GATAd_SRR3488330,GATAd
jumu_SRR3488331,jumu
Max_SRR3488332,Max
CG11696_SRR3488333,CG11696
CG15011_SRR3488334,CG15011
Br140_SRR3488335,Br140
CG3909_SRR3488336,CG3909
CG4820_SRR3488337,CG4820
CG34422_SRR3488338,CG34422
CG8578_SRR3488339,CG8578
Cp190_SRR3488340,Cp190
E2f2_SRR3488341,E2f2
hay_SRR3488342,hay
ken_SRR3488343,ken
MBD-like_SRR3488344,MBD-like
CG12054_SRR3488345,CG12054
CG1602_SRR3488346,CG1602
CG18476_SRR3488347,CG18476
CG3919_SRR3488348,CG3919
CG4936_SRR3488349,CG4936
CG7818_SRR3488350,CG7818
CG8924_SRR3488351,CG8924
crc_SRR3488352,crc
ecd_SRR3488353,ecd
Sox14_SRR3488354,Sox14
ATbp_SRR3488355,ATbp
ecd_SRR3488356,ecd
MBD-R2_SRR3488357,MBD-R2
Mes-4_SRR3488358,Mes-4
net_SRR3488359,net
Ravus_SRR3488360,Ravus
Sin3A_SRR3488361,Sin3A
trx_SRR3488362,trx
CG14962_SRR3488363,CG14962
CG17186_SRR3488364,CG17186
CG4617_SRR3488365,CG4617
CG10949_SRR3488366,CG10949
mxc_SRR3488367,mxc
CG6276_SRR3488368,CG6276
mbf1_SRR3488369,mbf1
MESR4_SRR3488370,MESR4
osa_SRR3488371,osa
Rel_SRR3488372,Rel
skd_SRR3488373,skd
tsh_SRR3488374,tsh
CG11560_SRR3488375,CG11560
Xrp1_SRR3488376,Xrp1
Bgb_SRR3488377,Bgb
CG14962_SRR3488378,CG14962
Ets21C_SRR3488379,Ets21C
MED15_SRR3488380,MED15
mle_SRR3488381,mle
p53_SRR3488382,p53
Rfx_SRR3488383,Rfx
Smox_SRR3488384,Smox
yps_SRR3488385,yps
ssp_SRR3488386,ssp
TFAM_SRR3488387,TFAM
CG13624_SRR3488388,CG13624
Xrp1_SRR3488389,Xrp1
G9a_SRR3488390,G9a
Lpt_SRR3488391,Lpt
MED17_SRR3488392,MED17
fd68A_SRR3488393,fd68A
Pcl_SRR3488394,Pcl
rhi_SRR3488395,rhi
Spt6_SRR3488396,Spt6
zf30C_SRR3488397,zf30C
CG7839_SRR3488398,CG7839
NfI_SRR3488399,NfI
CG17912_SRR3488400,CG17912
E[z]_SRR3488401,E[z]
CG4617_SRR3488402,CG4617
brm_SRR3488403,brm
MED18_SRR3488404,MED18
MRG15_SRR3488405,MRG15
pfk_SRR3488406,pfk
rno_SRR3488407,rno
stwl_SRR3488408,stwl
Sox14_SRR3488409,Sox14
E[z]_SRR3488410,E[z]
Thd1_SRR3488411,Thd1
HmgD_SRR3488412,HmgD
Su[var]2-HP2_SRR3488413,Su[var]2-HP2
CG7839_SRR3488414,CG7839
Arc42_SRR3488415,Arc42
MED24_SRR3488416,MED24
msl-3_SRR3488417,msl-3
LacZ_SRR3488418,LacZ
Rpd3_SRR3488419,Rpd3
Su[H]_SRR3488420,Su[H]
row_SRR3488421,row
Cenp-C_SRR3488422,Cenp-C
mxc_SRR3488423,mxc
CG8765_SRR3488424,CG8765
ATbp_SRR3488425,ATbp
NfI_SRR3488426,NfI
Hnf4_SRR3488427,Hnf4
MED6_SRR3488428,MED6
MTA1-like_SRR3488429,MTA1-like
psq_SRR3488430,psq
Scm_SRR3488431,Scm
Su[var]3-7_SRR3488432,Su[var]3-7
row_SRR3488433,row
CG33213_SRR3488434,CG33213
G9a_SRR3488435,G9a
TFAM_SRR3488436,TFAM
Cenp-C_SRR3488437,Cenp-C
chm_SRR3488438,chm
pho_SRR3488439,pho
MED8_SRR3488440,MED8
Myb_SRR3488441,Myb
Pur-alpha_SRR3488442,Pur-alpha
sd_SRR3488443,sd
Taf6_SRR3488444,Taf6
Bgb_SRR3488445,Bgb
CG13624_SRR3488446,CG13624
CG8765_SRR3488447,CG8765
CG11560_SRR3488448,CG11560
Sox14_SRR3488449,Sox14
ATbp_SRR3488450,ATbp
ecd_SRR3488451,ecd
MBD-R2_SRR3488452,MBD-R2
Mes-4_SRR3488453,Mes-4
net_SRR3488454,net
Ravus_SRR3488455,Ravus
Sin3A_SRR3488456,Sin3A
trx_SRR3488457,trx
CG14962_SRR3488458,CG14962
CG17186_SRR3488459,CG17186
CG4617_SRR3488460,CG4617
CG10949_SRR3488461,CG10949
mxc_SRR3488462,mxc
CG6276_SRR3488463,CG6276
mbf1_SRR3488464,mbf1
MESR4_SRR3488465,MESR4
osa_SRR3488466,osa
Rel_SRR3488467,Rel
skd_SRR3488468,skd
tsh_SRR3488469,tsh
CG11560_SRR3488470,CG11560
Xrp1_SRR3488471,Xrp1
Bgb_SRR3488472,Bgb
CG14962_SRR3488473,CG14962
Ets21C_SRR3488474,Ets21C
MED15_SRR3488475,MED15
mle_SRR3488476,mle
p53_SRR3488477,p53
Rfx_SRR3488478,Rfx
Smox_SRR3488479,Smox
yps_SRR3488480,yps
ssp_SRR3488481,ssp
TFAM_SRR3488482,TFAM
CG13624_SRR3488483,CG13624
Xrp1_SRR3488484,Xrp1
G9a_SRR3488485,G9a
Lpt_SRR3488486,Lpt
MED17_SRR3488487,MED17
fd68A_SRR3488488,fd68A
Pcl_SRR3488489,Pcl
rhi_SRR3488490,rhi
Spt6_SRR3488491,Spt6
zf30C_SRR3488492,zf30C
CG7839_SRR3488493,CG7839
NfI_SRR3488494,NfI
CG17912_SRR3488495,CG17912
E[z]_SRR3488496,E[z]
CG4617_SRR3488497,CG4617
brm_SRR3488498,brm
MED18_SRR3488499,MED18
MRG15_SRR3488500,MRG15
pfk_SRR3488501,pfk
rno_SRR3488502,rno
stwl_SRR3488503,stwl
Sox14_SRR3488504,Sox14
E[z]_SRR3488505,E[z]
Thd1_SRR3488506,Thd1
HmgD_SRR3488507,HmgD
Su[var]2-HP2_SRR3488508,Su[var]2-HP2
CG7839_SRR3488509,CG7839
Arc42_SRR3488510,Arc42
MED24_SRR3488511,MED24
msl-3_SRR3488512,msl-3
LacZ_SRR3488513,LacZ
Rpd3_SRR3488514,Rpd3
Su[H]_SRR3488515,Su[H]
row_SRR3488516,row
Cenp-C_SRR3488517,Cenp-C
mxc_SRR3488518,mxc
CG8765_SRR3488519,CG8765
ATbp_SRR3488520,ATbp
NfI_SRR3488521,NfI
Hnf4_SRR3488522,Hnf4
MED6_SRR3488523,MED6
MTA1-like_SRR3488524,MTA1-like
psq_SRR3488525,psq
Scm_SRR3488526,Scm
Su[var]3-7_SRR3488527,Su[var]3-7
row_SRR3488528,row
CG33213_SRR3488529,CG33213
G9a_SRR3488530,G9a
TFAM_SRR3488531,TFAM
Cenp-C_SRR3488532,Cenp-C
chm_SRR3488533,chm
pho_SRR3488534,pho
MED8_SRR3488535,MED8
Myb_SRR3488536,Myb
Pur-alpha_SRR3488537,Pur-alpha
sd_SRR3488538,sd
Taf6_SRR3488539,Taf6
Bgb_SRR3488540,Bgb
CG13624_SRR3488541,CG13624
CG8765_SRR3488542,CG8765
CG11560_SRR3488543,CG11560
MED1_SRR3486645,MED1
CG18619_SRR3486646,CG18619
CG12054_SRR3486647,CG12054
Pc_SRR3486648,Pc
apt_SRR3486649,apt
CG42724_SRR3486652,CG42724
Ets21C_SRR3486654,Ets21C
CG17186_SRR3486655,CG17186
CG18011_SRR3486656,CG18011
CG33213_SRR3486658,CG33213
egg_SRR3486659,egg
CG31612_SRR3486660,CG31612
CG1603_SRR3486667,CG1603
ct_SRR3486669,ct
ix_SRR3486671,ix
Thd1_SRR3486673,Thd1
tai_SRR3486675,tai
MED31_SRR3486677,MED31
egg_SRR3486679,egg
usp_SRR3486680,usp
ptip_SRR3486683,ptip
zfh1_SRR3486686,zfh1
aop_SRR3486688,aop
e[y]2_SRR3486692,e[y]2
NK7.1_SRR3486694,NK7.1
CG17361_SRR3486695,CG17361
spt4_SRR3486696,spt4
grp_SRR3486697,grp
z_SRR3486709,z
MED27_SRR3486710,MED27
Cdc5_SRR3486711,Cdc5
CG43343_SRR3486716,CG43343
CycC_SRR3486717,CycC
schlank_SRR3486721,schlank
Med_SRR3486723,Med
Snr1_SRR3486724,Snr1
CG11906_SRR3486725,CG11906
ssp_SRR3486726,ssp
maf-S_SRR3486727,maf-S
Su[var]205_SRR3486728,Su[var]205
CG2712_SRR3486729,CG2712
CG10543_SRR3486730,CG10543
Adf1_SRR3486733,Adf1
Pc_SRR3486743,Pc
sage_SRR3486745,sage
CG42724_SRR3486747,CG42724
Ets21C_SRR3486749,Ets21C
CG17186_SRR3486750,CG17186
CG31612_SRR3486755,CG31612
TfIIFalpha_SRR3486757,TfIIFalpha
Hr51_SRR3486758,Hr51
MTF-1_SRR3486760,MTF-1
CG1603_SRR3486762,CG1603
ct_SRR3486764,ct
CrebB_SRR3486767,CrebB
Rpb10_SRR3486769,Rpb10
MED31_SRR3486772,MED31
Dsp1_SRR3486773,Dsp1
egg_SRR3486774,egg
usp_SRR3486775,usp
ptip_SRR3486778,ptip
stc_SRR3486780,stc
Ssrp_SRR3486784,Ssrp
trem_SRR3486786,trem
e[y]2_SRR3486787,e[y]2
NK7.1_SRR3486789,NK7.1
spt4_SRR3486791,spt4
Ada2b_SRR3486793,Ada2b
CHES-1-like_SRR3486798,CHES-1-like
Taf11_SRR3486800,Taf11
Sry-delta_SRR3486801,Sry-delta
l[3]neo38_SRR3486802,l[3]neo38
MED27_SRR3486805,MED27
CG1965_SRR3486809,CG1965
CG43343_SRR3486811,CG43343
Cf2_SRR3486813,Cf2
CG11902_SRR3486814,CG11902
schlank_SRR3486816,schlank
Tip60_SRR3486817,Tip60
CG11906_SRR3486820,CG11906
Su[var]205_SRR3486823,Su[var]205
Usf_SRR3486826,Usf
SC35_SRR3486827,SC35
Nf-YA_SRR3486829,Nf-YA
Pc_SRR3486831,Pc
CG7357_SRR3486833,CG7357
CG15011_SRR3486834,CG15011
phol_SRR3486835,phol
CrebA_SRR3486836,CrebA
TfIIS_SRR3486840,TfIIS
Jra_SRR3486844,Jra
chn_SRR3486845,chn
Jarid2_SRR3486847,Jarid2
CG15436_SRR3486849,CG15436
lid_SRR3486851,lid
glu_SRR3486852,glu
Xpd_SRR3486854,Xpd
Mef2_SRR3486856,Mef2
Lhr_SRR3486857,Lhr
CG3919_SRR3486858,CG3919
CG10462_SRR3486861,CG10462
grp_SRR3486863,grp
key_SRR3486864,key
EcR_SRR3486865,EcR
CG7372_SRR3486870,CG7372
CG3407_SRR3486872,CG3407
CG10631_SRR3486873,CG10631
her_SRR3486875,her
ap_SRR3486877,ap
CG1603_SRR3486878,CG1603
hay_SRR3486883,hay
cbt_SRR3486884,cbt
Sfmbt_SRR3486885,Sfmbt
E2f2_SRR3486886,E2f2
wek_SRR3486887,wek
CG4707_SRR3486888,CG4707
jing_SRR3486889,jing
shn_SRR3486891,shn
CTCF_SRR3486894,CTCF
mtRNApol_SRR3486896,mtRNApol
LacZ_SRR3486898,LacZ
gem_SRR3486901,gem
Su[var]2-10_SRR3486903,Su[var]2-10
Rpd3_SRR3486905,Rpd3
MED4_SRR3486906,MED4
lilli_SRR3486908,lilli
Hr39_SRR3486910,Hr39
CG9418_SRR3486912,CG9418
rgr_SRR3486914,rgr
kto_SRR3486919,kto
Chd1_SRR3486920,Chd1
CG7099_SRR3486921,CG7099
Su[var]205_SRR3486922,Su[var]205
Rtf1_SRR3486923,Rtf1
CG1233_SRR3486928,CG1233
CG15011_SRR3486929,CG15011
phol_SRR3486930,phol
CrebA_SRR3486931,CrebA
CG12942_SRR3486938,CG12942
chn_SRR3486940,chn
Jarid2_SRR3486942,Jarid2
D19A_SRR3486943,D19A
CG15436_SRR3486944,CG15436
glu_SRR3486947,glu
Xpd_SRR3486949,Xpd
rgr_SRR3486950,rgr
Gcn5_SRR3486954,Gcn5
CG17612_SRR3486955,CG17612
CG10462_SRR3486956,CG10462
grp_SRR3486958,grp
EcR_SRR3486960,EcR
Sin3A_SRR3486962,Sin3A
Cdc5_SRR3486964,Cdc5
Taf4_SRR3486966,Taf4
Dref_SRR3486969,Dref
ap_SRR3486972,ap
az2_SRR3486974,az2
E[bx]_SRR3486976,E[bx]
wek_SRR3486982,wek
Br140_SRR3486985,Br140
shn_SRR3486986,shn
Dp_SRR3486987,Dp
CTCF_SRR3486989,CTCF
mbf1_SRR3486990,mbf1
GATAd_SRR3486992,GATAd
LacZ_SRR3486993,LacZ
stc_SRR3486994,stc
Lpt_SRR3486995,Lpt
gem_SRR3486996,gem
Su[var]2-10_SRR3486998,Su[var]2-10
Hsf_SRR3486999,Hsf
Rpd3_SRR3487000,Rpd3
lilli_SRR3487003,lilli
Hr39_SRR3487005,Hr39
CG12391_SRR3487008,CG12391
MED14_SRR3487011,MED14
Cdk8_SRR3487013,Cdk8
kto_SRR3487014,kto
Chd1_SRR3487015,Chd1
CG7099_SRR3487016,CG7099
CG4496_SRR3487025,CG4496
Hr78_SRR3487028,Hr78
cnc_SRR3487032,cnc
CG31224_SRR3487033,CG31224
CG32772_SRR3487035,CG32772
fu2_SRR3487037,fu2
Snr1_SRR3487040,Snr1
CG7987_SRR3487042,CG7987
Taf12_SRR3487043,Taf12
CG7928_SRR3487045,CG7928
p53_SRR3487046,p53
Taf11_SRR3487048,Taf11
Taf6_SRR3487050,Taf6
CG3995_SRR3487052,CG3995
pnr_SRR3487054,pnr
CG4424_SRR3487055,CG4424
wdn_SRR3487057,wdn
Trf_SRR3487060,Trf
ash1_SRR3487062,ash1
CG9727_SRR3487063,CG9727
CG5641_SRR3487064,CG5641
su[Hw]_SRR3487066,su[Hw]
Hcf_SRR3487069,Hcf
Taf10_SRR3487071,Taf10
CoRest_SRR3487073,CoRest
TfIIFalpha_SRR3487075,TfIIFalpha
Cp190_SRR3487077,Cp190
Sry-beta_SRR3487080,Sry-beta
Pur-alpha_SRR3487081,Pur-alpha
CG13123_SRR3487083,CG13123
CG10959_SRR3487084,CG10959
CG7101_SRR3487085,CG7101
CG11456_SRR3487086,CG11456
CG14710_SRR3487087,CG14710
LacZ_SRR3487088,LacZ
CycC_SRR3487089,CycC
trx_SRR3487090,trx
Stat92E_SRR3487092,Stat92E
pan_SRR3487093,pan
l[1]1Bi_SRR3487094,l[1]1Bi
CG2116_SRR3487096,CG2116
CG8578_SRR3487097,CG8578
MED1_SRR3487098,MED1
CG31388_SRR3487099,CG31388
CG6654_SRR3487100,CG6654
Dad_SRR3487101,Dad
Mnt_SRR3487105,Mnt
tai_SRR3487107,tai
CG9609_SRR3487109,CG9609
pzg_SRR3487110,pzg
MRG15_SRR3487113,MRG15
CG7357_SRR3487115,CG7357
kay_SRR3487116,kay
net_SRR3487118,net
Taf12L_SRR3487119,Taf12L
nej_SRR3487121,nej
foxo_SRR3487124,foxo
CG6791_SRR3487125,CG6791
cnc_SRR3487127,cnc
CG31224_SRR3487128,CG31224
HP6_SRR3487131,HP6
Bap60_SRR3487133,Bap60
Snr1_SRR3487135,Snr1
CG7987_SRR3487137,CG7987
CG7928_SRR3487140,CG7928
p53_SRR3487141,p53
Taf11_SRR3487143,Taf11
Zif_SRR3487146,Zif
pnr_SRR3487149,pnr
E[spl]mbeta-HLH_SRR3487151,E[spl]mbeta-HLH
wdn_SRR3487152,wdn
ash1_SRR3487157,ash1
CG5641_SRR3487159,CG5641
su[Hw]_SRR3487161,su[Hw]
MED20_SRR3487167,MED20
Chro_SRR3487169,Chro
Cp190_SRR3487172,Cp190
CG31365_SRR3487174,CG31365
Pur-alpha_SRR3487176,Pur-alpha
CG10959_SRR3487179,CG10959
CG14710_SRR3487182,CG14710
CycC_SRR3487184,CycC
CG4936_SRR3487186,CG4936
Stat92E_SRR3487187,Stat92E
l[1]1Bi_SRR3487189,l[1]1Bi
CG2116_SRR3487191,CG2116
MED1_SRR3487193,MED1
CG6654_SRR3487195,CG6654
CG15514_SRR3487197,CG15514
HP1c_SRR3487198,HP1c
Mnt_SRR3487200,Mnt
tai_SRR3487202,tai
CG2129_SRR3487203,CG2129
CG9609_SRR3487204,CG9609
CG6689_SRR3487207,CG6689
CG17806_SRR3487209,CG17806
CG3847_SRR3487212,CG3847
MED27_SRR3487215,MED27
abo_SRR3487218,abo
CG8089_SRR3487222,CG8089
E[bx]_SRR3487224,E[bx]
CG10654_SRR3487225,CG10654
CG14667_SRR3487227,CG14667
CG18764_SRR3487228,CG18764
e[y]1_SRR3487229,e[y]1
tsh_SRR3487231,tsh
Nipped-A_SRR3487232,Nipped-A
CG8388_SRR3487234,CG8388
MESR4_SRR3487235,MESR4
CG17359_SRR3487237,CG17359
Dif_SRR3487241,Dif
CG17385_SRR3487244,CG17385
maf-S_SRR3487246,maf-S
MED10_SRR3487248,MED10
Alh_SRR3487250,Alh
Taf13_SRR3487252,Taf13
HmgZ_SRR3487254,HmgZ
CG18011_SRR3487256,CG18011
CG7386_SRR3487259,CG7386
Meics_SRR3487261,Meics
CG1024_SRR3487262,CG1024
Hand_SRR3487264,Hand
lola_SRR3487269,lola
ptip_SRR3487272,ptip
Taf1_SRR3487274,Taf1
Mio_SRR3487276,Mio
LacZ_SRR3487278,LacZ
Opbp_SRR3487279,Opbp
rhi_SRR3487281,rhi
nab_SRR3487282,nab
Chd3_SRR3487284,Chd3
CG3909_SRR3487286,CG3909
da_SRR3487289,da
MED23_SRR3487290,MED23
Blos1_SRR3487291,Blos1
gem_SRR3487292,gem
CG11906_SRR3487293,CG11906
Pdp1_SRR3487295,Pdp1
YL-1_SRR3487300,YL-1
CG9890_SRR3487302,CG9890
mip120_SRR3487304,mip120
pfk_SRR3487306,pfk
Eip74EF_SRR3487308,Eip74EF
MED27_SRR3487310,MED27
abo_SRR3487313,abo
Nurf-38_SRR3487315,Nurf-38
CG1602_SRR3487316,CG1602
CG15073_SRR3487318,CG15073
E[bx]_SRR3487319,E[bx]
HLH106_SRR3487321,HLH106
CG18764_SRR3487323,CG18764
Rpb11_SRR3487325,Rpb11
tsh_SRR3487326,tsh
CG1663_SRR3487328,CG1663
CG8388_SRR3487329,CG8388
rno_SRR3487331,rno
CG2051_SRR3487333,CG2051
Nf-YB_SRR3487335,Nf-YB
MED16_SRR3487337,MED16
CG17385_SRR3487339,CG17385
maf-S_SRR3487341,maf-S
cyc_SRR3487344,cyc
Taf13_SRR3487347,Taf13
EcR_SRR3487350,EcR
Iswi_SRR3487352,Iswi
Meics_SRR3487356,Meics
CG4820_SRR3487358,CG4820
crc_SRR3487360,crc
mle_SRR3487362,mle
lola_SRR3487364,lola
CG13897_SRR3487365,CG13897
ptip_SRR3487367,ptip
Taf1_SRR3487369,Taf1
Mio_SRR3487371,Mio
LacZ_SRR3487373,LacZ
Opbp_SRR3487374,Opbp
rhi_SRR3487376,rhi
D19B_SRR3487378,D19B
skd_SRR3487380,skd
MED7_SRR3487382,MED7
MED23_SRR3487385,MED23
CG11906_SRR3487388,CG11906
Pdp1_SRR3487390,Pdp1
CkIIalpha-i1_SRR3487391,CkIIalpha-i1
CG6808_SRR3487394,CG6808
dl_SRR3487396,dl
mip120_SRR3487399,mip120
pfk_SRR3487401,pfk
Eip74EF_SRR3487403,Eip74EF
CG30020_SRR3487405,CG30020
CG6813_SRR3487407,CG6813
topi_SRR3487408,topi
Su[var]3-7_SRR3487409,Su[var]3-7
CG4854_SRR3487411,CG4854
Trf2_SRR3487414,Trf2
cic_SRR3487416,cic
MTF-1_SRR3487418,MTF-1
Ada2b_SRR3487420,Ada2b
CHES-1-like_SRR3487425,CHES-1-like
kay_SRR3487428,kay
crol_SRR3487429,crol
MBD-like_SRR3487432,MBD-like
CG17802_SRR3487433,CG17802
Mnt_SRR3487436,Mnt
ttk_SRR3487440,ttk
jumu_SRR3487443,jumu
CG43343_SRR3487445,CG43343
CG17829_SRR3487448,CG17829
Met_SRR3487450,Met
sage_SRR3487452,sage
CG8301_SRR3487454,CG8301
CG10669_SRR3487456,CG10669
CG18262_SRR3487459,CG18262
Hmr_SRR3487461,Hmr
shn_SRR3487463,shn
Hr51_SRR3487465,Hr51
CG8319_SRR3487466,CG8319
LacZ_SRR3487468,LacZ
sba_SRR3487470,sba
CG2889_SRR3487473,CG2889
dik_SRR3487474,dik
E[Pc]_SRR3487475,E[Pc]
CG7101_SRR3487477,CG7101
CG8359_SRR3487478,CG8359
dys_SRR3487480,dys
Arc42_SRR3487481,Arc42
CG1792_SRR3487482,CG1792
CG11398_SRR3487484,CG11398
mamo_SRR3487485,mamo
sbb_SRR3487487,sbb
Crg-1_SRR3487489,Crg-1
CG8478_SRR3487490,CG8478
Rpb10_SRR3487492,Rpb10
CG4730_SRR3487493,CG4730
CG4557_SRR3487495,CG4557
NFAT_SRR3487497,NFAT
sd_SRR3487499,sd
br_SRR3487501,br
topi_SRR3487503,topi
Ets97D_SRR3487507,Ets97D
cic_SRR3487511,cic
MTF-1_SRR3487513,MTF-1
Ada2b_SRR3487515,Ada2b
lds_SRR3487516,lds
MED26_SRR3487519,MED26
CHES-1-like_SRR3487520,CHES-1-like
mof_SRR3487521,mof
CG34422_SRR3487522,CG34422
kay_SRR3487523,kay
crol_SRR3487524,crol
Mnt_SRR3487531,Mnt
HmgZ_SRR3487532,HmgZ
CG9215_SRR3487533,CG9215
CG10321_SRR3487534,CG10321
ttk_SRR3487535,ttk
d4_SRR3487536,d4
CG12236_SRR3487542,CG12236
CG17829_SRR3487543,CG17829
pita_SRR3487544,pita
Met_SRR3487545,Met
luna_SRR3487546,luna
sage_SRR3487547,sage
bl_SRR3487548,bl
CG8301_SRR3487549,CG8301
Rbf2_SRR3487550,Rbf2
trem_SRR3487552,trem
sqz_SRR3487553,sqz
dik_SRR3487557,dik
shn_SRR3487558,shn
sba_SRR3487565,sba
MED22_SRR3487566,MED22
dik_SRR3487569,dik
E[Pc]_SRR3487570,E[Pc]
CG8359_SRR3487573,CG8359
RpII15_SRR3487574,RpII15
Arc42_SRR3487576,Arc42
CG1792_SRR3487577,CG1792
CG11398_SRR3487579,CG11398
exd_SRR3487581,exd
sbb_SRR3487582,sbb
Crg-1_SRR3487584,Crg-1
CG8478_SRR3487585,CG8478
Scm_SRR3487586,Scm
CG4730_SRR3487588,CG4730
Mes-4_SRR3487589,Mes-4
CG3711_SRR3487591,CG3711
NFAT_SRR3487592,NFAT
Taf8_SRR3487593,Taf8
Rbf_SRR3487595,Rbf
Usf_SRR3487596,Usf
Bap170_SRR3487599,Bap170
CG8944_SRR3487603,CG8944
MTA1-like_SRR3487605,MTA1-like
stwl_SRR3487608,stwl
Atf3_SRR3487609,Atf3
CG10543_SRR3487610,CG10543
ph-d_SRR3487612,ph-d
E[var]3-9_SRR3487613,E[var]3-9
jim_SRR3487628,jim
fd68A_SRR3487629,fd68A
pnr_SRR3487630,pnr
Tbp_SRR3487633,Tbp
Nf-YA_SRR3487634,Nf-YA
ken_SRR3487635,ken
apt_SRR3487636,apt
CG11723_SRR3487643,CG11723
Eip75B_SRR3487644,Eip75B
z_SRR3487645,z
pnt_SRR3487647,pnt
trr_SRR3487648,trr
dm_SRR3487649,dm
Blimp-1_SRR3487650,Blimp-1
CG4730_SRR3487662,CG4730
ftz-f1_SRR3487665,ftz-f1
Smox_SRR3487666,Smox
yps_SRR3487667,yps
Clamp_SRR3487669,Clamp
cg_SRR3487670,cg
hang_SRR3487671,hang
cic_SRR3487675,cic
Lmpt_SRR3487677,Lmpt
MED14_SRR3487678,MED14
MED11_SRR3487680,MED11
Lmpt_SRR3487681,Lmpt
E[spl]m3-HLH_SRR3487682,E[spl]m3-HLH
CG9890_SRR3487687,CG9890
chm_SRR3487711,chm
Eip74EF_SRR3487712,Eip74EF
usp_SRR3487714,usp
CG8924_SRR3487715,CG8924
Nf-YC_SRR3487716,Nf-YC
CG11247_SRR3487717,CG11247
Nipped-A_SRR3487720,Nipped-A
EloA_SRR3487721,EloA
BtbVII_SRR3487722,BtbVII
jim_SRR3487723,jim
fd68A_SRR3487724,fd68A
TfIIS_SRR3487726,TfIIS
brk_SRR3487727,brk
ken_SRR3487730,ken
chinmo_SRR3487732,chinmo
luna_SRR3487736,luna
Mef2_SRR3487737,Mef2
CG11723_SRR3487738,CG11723
z_SRR3487740,z
pnt_SRR3487742,pnt
mof_SRR3487747,mof
NK7.1_SRR3487748,NK7.1
peb_SRR3487751,peb
Xbp1_SRR3487752,Xbp1
LacZ_SRR3487753,LacZ
tef_SRR3487755,tef
Asx_SRR3487756,Asx
D19B_SRR3487758,D19B
Sry-beta_SRR3487759,Sry-beta
yps_SRR3487762,yps
cg_SRR3487765,cg
CG42724_SRR3487767,CG42724
MED15_SRR3487768,MED15
cic_SRR3487770,cic
MED23_SRR3487771,MED23
MED14_SRR3487773,MED14
CG11294_SRR3487774,CG11294
MED11_SRR3487775,MED11
tna_SRR3487778,tna
CoRest_SRR3487779,CoRest
CG9890_SRR3487782,CG9890
Cf2_SRR3487784,Cf2
Dad_SRR3487785,Dad
MED4_SRR3487787,MED4
pad_SRR3487789,pad
CG3711_SRR3487791,CG3711
Met_SRR3487793,Met
Taf12_SRR3487796,Taf12
Cdk8_SRR3487798,Cdk8
bs_SRR3487800,bs
Taf7_SRR3487803,Taf7
Ets96B_SRR3487805,Ets96B
br_SRR3487810,br
ush_SRR3487813,ush
nej_SRR3487814,nej
Rpb11_SRR3487816,Rpb11
HP1c_SRR3487820,HP1c
Med_SRR3487822,Med
cbt_SRR3487824,cbt
crol_SRR3487826,crol
XNP_SRR3487828,XNP
Bap170_SRR3487829,Bap170
CG10321_SRR3487831,CG10321
emc_SRR3487832,emc
CG12236_SRR3487834,CG12236
glu_SRR3487836,glu
CG2199_SRR3487838,CG2199
mip130_SRR3487839,mip130
Jra_SRR3487841,Jra
CG6689_SRR3487843,CG6689
Chi_SRR3487844,Chi
CG9305_SRR3487845,CG9305
Hr39_SRR3487847,Hr39
peb_SRR3487849,peb
CG17385_SRR3487851,CG17385
CG7099_SRR3487852,CG7099
CTCF_SRR3487854,CTCF
CG11902_SRR3487857,CG11902
CG8145_SRR3487859,CG8145
brm_SRR3487860,brm
ttk_SRR3487863,ttk
chinmo_SRR3487868,chinmo
e[y]1_SRR3487870,e[y]1
Mio_SRR3487872,Mio
Lhr_SRR3487874,Lhr
CG8301_SRR3487878,CG8301
Dad_SRR3487880,Dad
Deaf1_SRR3486644,Deaf1
sage_SRR3486650,sage
CG5245_SRR3486651,CG5245
CG18446_SRR3486653,CG18446
MED10_SRR3486657,MED10
CG32767_SRR3486661,CG32767
TfIIFalpha_SRR3486662,TfIIFalpha
Hr51_SRR3486663,Hr51
Eip75B_SRR3486664,Eip75B
MTF-1_SRR3486665,MTF-1
MED20_SRR3486666,MED20
MED22_SRR3486668,MED22
spt4_SRR3486670,spt4
CrebB_SRR3486672,CrebB
Rpb10_SRR3486674,Rpb10
Bap60_SRR3486676,Bap60
Dsp1_SRR3486678,Dsp1
Xbp1_SRR3486681,Xbp1
tef_SRR3486682,tef
DIP1_SRR3486684,DIP1
stc_SRR3486685,stc
pzg_SRR3486687,pzg
Ssrp_SRR3486689,Ssrp
srp_SRR3486690,srp
trem_SRR3486691,trem
Hr96_SRR3486693,Hr96
Ada2b_SRR3486698,Ada2b
Nf-YC_SRR3486699,Nf-YC
Stat92E_SRR3486700,Stat92E
Taf8_SRR3486701,Taf8
srp_SRR3486702,srp
CHES-1-like_SRR3486703,CHES-1-like
woc_SRR3486704,woc
Taf11_SRR3486705,Taf11
Sry-delta_SRR3486706,Sry-delta
l[3]neo38_SRR3486707,l[3]neo38
LacZ_SRR3486708,LacZ
lolal_SRR3486712,lolal
Tbp_SRR3486713,Tbp
CG1965_SRR3486714,CG1965
Df31_SRR3486715,Df31
Cf2_SRR3486718,Cf2
CG11902_SRR3486719,CG11902
Df31_SRR3486720,Df31
Tip60_SRR3486722,Tip60
Usf_SRR3486731,Usf
SC35_SRR3486732,SC35
Nf-YA_SRR3486734,Nf-YA
RpII15_SRR3486735,RpII15
Pc_SRR3486736,Pc
CG11695_SRR3486737,CG11695
CG7357_SRR3486738,CG7357
Deaf1_SRR3486739,Deaf1
MED1_SRR3486740,MED1
CG18619_SRR3486741,CG18619
CG12054_SRR3486742,CG12054
apt_SRR3486744,apt
CG5245_SRR3486746,CG5245
CG18446_SRR3486748,CG18446
CG18011_SRR3486751,CG18011
MED10_SRR3486752,MED10
CG33213_SRR3486753,CG33213
egg_SRR3486754,egg
CG32767_SRR3486756,CG32767
Eip75B_SRR3486759,Eip75B
MED20_SRR3486761,MED20
MED22_SRR3486763,MED22
spt4_SRR3486765,spt4
ix_SRR3486766,ix
Thd1_SRR3486768,Thd1
tai_SRR3486770,tai
Bap60_SRR3486771,Bap60
Xbp1_SRR3486776,Xbp1
tef_SRR3486777,tef
DIP1_SRR3486779,DIP1
zfh1_SRR3486781,zfh1
pzg_SRR3486782,pzg
aop_SRR3486783,aop
srp_SRR3486785,srp
Hr96_SRR3486788,Hr96
CG17361_SRR3486790,CG17361
grp_SRR3486792,grp
Nf-YC_SRR3486794,Nf-YC
Stat92E_SRR3486795,Stat92E
Taf8_SRR3486796,Taf8
srp_SRR3486797,srp
woc_SRR3486799,woc
LacZ_SRR3486803,LacZ
z_SRR3486804,z
Cdc5_SRR3486806,Cdc5
lolal_SRR3486807,lolal
Tbp_SRR3486808,Tbp
Df31_SRR3486810,Df31
CycC_SRR3486812,CycC
Df31_SRR3486815,Df31
Med_SRR3486818,Med
Snr1_SRR3486819,Snr1
ssp_SRR3486821,ssp
maf-S_SRR3486822,maf-S
CG2712_SRR3486824,CG2712
CG10543_SRR3486825,CG10543
Adf1_SRR3486828,Adf1
RpII15_SRR3486830,RpII15
CG11695_SRR3486832,CG11695
CG11723_SRR3486837,CG11723
ush_SRR3486838,ush
CG7818_SRR3486839,CG7818
enok_SRR3486841,enok
Chi_SRR3486842,Chi
CG12942_SRR3486843,CG12942
CG2199_SRR3486846,CG2199
D19A_SRR3486848,D19A
CG10366_SRR3486850,CG10366
CG11414_SRR3486853,CG11414
rgr_SRR3486855,rgr
Gcn5_SRR3486859,Gcn5
CG17612_SRR3486860,CG17612
CG9305_SRR3486862,CG9305
Kdm4A_SRR3486866,Kdm4A
Sin3A_SRR3486867,Sin3A
CG4282_SRR3486868,CG4282
Cdc5_SRR3486869,Cdc5
Taf4_SRR3486871,Taf4
Dref_SRR3486874,Dref
pita_SRR3486876,pita
az2_SRR3486879,az2
lolal_SRR3486880,lolal
E[bx]_SRR3486881,E[bx]
ERR_SRR3486882,ERR
Br140_SRR3486890,Br140
Dp_SRR3486892,Dp
Rabex-5_SRR3486893,Rabex-5
mbf1_SRR3486895,mbf1
GATAd_SRR3486897,GATAd
stc_SRR3486899,stc
Lpt_SRR3486900,Lpt
Not1_SRR3486902,Not1
Hsf_SRR3486904,Hsf
CG5147_SRR3486907,CG5147
Plzf_SRR3486909,Plzf
zf30C_SRR3486911,zf30C
CG12391_SRR3486913,CG12391
BEAF-32_SRR3486915,BEAF-32
MED14_SRR3486916,MED14
CG10274_SRR3486917,CG10274
Cdk8_SRR3486918,Cdk8
CG9437_SRR3486924,CG9437
CG12744_SRR3486925,CG12744
Camta_SRR3486926,Camta
CG10209_SRR3486927,CG10209
CG11723_SRR3486932,CG11723
ush_SRR3486933,ush
CG7818_SRR3486934,CG7818
TfIIS_SRR3486935,TfIIS
enok_SRR3486936,enok
Chi_SRR3486937,Chi
Jra_SRR3486939,Jra
CG2199_SRR3486941,CG2199
CG10366_SRR3486945,CG10366
lid_SRR3486946,lid
CG11414_SRR3486948,CG11414
Mef2_SRR3486951,Mef2
Lhr_SRR3486952,Lhr
CG3919_SRR3486953,CG3919
CG9305_SRR3486957,CG9305
key_SRR3486959,key
Kdm4A_SRR3486961,Kdm4A
CG4282_SRR3486963,CG4282
CG7372_SRR3486965,CG7372
CG3407_SRR3486967,CG3407
CG10631_SRR3486968,CG10631
her_SRR3486970,her
pita_SRR3486971,pita
CG1603_SRR3486973,CG1603
lolal_SRR3486975,lolal
ERR_SRR3486977,ERR
hay_SRR3486978,hay
cbt_SRR3486979,cbt
Sfmbt_SRR3486980,Sfmbt
E2f2_SRR3486981,E2f2
CG4707_SRR3486983,CG4707
jing_SRR3486984,jing
Rabex-5_SRR3486988,Rabex-5
mtRNApol_SRR3486991,mtRNApol
Not1_SRR3486997,Not1
MED4_SRR3487001,MED4
CG5147_SRR3487002,CG5147
Plzf_SRR3487004,Plzf
zf30C_SRR3487006,zf30C
CG9418_SRR3487007,CG9418
rgr_SRR3487009,rgr
BEAF-32_SRR3487010,BEAF-32
CG10274_SRR3487012,CG10274
Su[var]205_SRR3487017,Su[var]205
Rtf1_SRR3487018,Rtf1
CG9437_SRR3487019,CG9437
CG12744_SRR3487020,CG12744
Camta_SRR3487021,Camta
CG10209_SRR3487022,CG10209
CG1233_SRR3487023,CG1233
Taf12L_SRR3487024,Taf12L
nej_SRR3487026,nej
CG9705_SRR3487027,CG9705
foxo_SRR3487029,foxo
CG6791_SRR3487030,CG6791
Rel_SRR3487031,Rel
osa_SRR3487034,osa
HP6_SRR3487036,HP6
Bap60_SRR3487038,Bap60
Max_SRR3487039,Max
CG3281_SRR3487041,CG3281
bigmax_SRR3487044,bigmax
CG2712_SRR3487047,CG2712
CG11696_SRR3487049,CG11696
Zif_SRR3487051,Zif
MED6_SRR3487053,MED6
E[spl]mbeta-HLH_SRR3487056,E[spl]mbeta-HLH
Tip60_SRR3487058,Tip60
Mad_SRR3487059,Mad
Set2_SRR3487061,Set2
M1BP_SRR3487065,M1BP
XNP_SRR3487067,XNP
Hr96_SRR3487068,Hr96
Rbf_SRR3487070,Rbf
MED20_SRR3487072,MED20
Chro_SRR3487074,Chro
CG6254_SRR3487076,CG6254
tgo_SRR3487078,tgo
CG31365_SRR3487079,CG31365
dwg_SRR3487082,dwg
CG4936_SRR3487091,CG4936
CG13775_SRR3487095,CG13775
CG15514_SRR3487102,CG15514
HP1c_SRR3487103,HP1c
MED17_SRR3487104,MED17
Spt6_SRR3487106,Spt6
CG2129_SRR3487108,CG2129
CG18476_SRR3487111,CG18476
CG6689_SRR3487112,CG6689
CG17806_SRR3487114,CG17806
CG3847_SRR3487117,CG3847
CG4496_SRR3487120,CG4496
CG9705_SRR3487122,CG9705
Hr78_SRR3487123,Hr78
Rel_SRR3487126,Rel
osa_SRR3487129,osa
CG32772_SRR3487130,CG32772
fu2_SRR3487132,fu2
Max_SRR3487134,Max
CG3281_SRR3487136,CG3281
Taf12_SRR3487138,Taf12
bigmax_SRR3487139,bigmax
CG2712_SRR3487142,CG2712
CG11696_SRR3487144,CG11696
Taf6_SRR3487145,Taf6
CG3995_SRR3487147,CG3995
MED6_SRR3487148,MED6
CG4424_SRR3487150,CG4424
Tip60_SRR3487153,Tip60
Mad_SRR3487154,Mad
Trf_SRR3487155,Trf
Set2_SRR3487156,Set2
CG9727_SRR3487158,CG9727
M1BP_SRR3487160,M1BP
XNP_SRR3487162,XNP
Hr96_SRR3487163,Hr96
Hcf_SRR3487164,Hcf
Rbf_SRR3487165,Rbf
Taf10_SRR3487166,Taf10
CoRest_SRR3487168,CoRest
TfIIFalpha_SRR3487170,TfIIFalpha
CG6254_SRR3487171,CG6254
tgo_SRR3487173,tgo
Sry-beta_SRR3487175,Sry-beta
dwg_SRR3487177,dwg
CG13123_SRR3487178,CG13123
CG7101_SRR3487180,CG7101
CG11456_SRR3487181,CG11456
LacZ_SRR3487183,LacZ
trx_SRR3487185,trx
pan_SRR3487188,pan
CG13775_SRR3487190,CG13775
CG8578_SRR3487192,CG8578
CG31388_SRR3487194,CG31388
Dad_SRR3487196,Dad
MED17_SRR3487199,MED17
Spt6_SRR3487201,Spt6
pzg_SRR3487205,pzg
CG18476_SRR3487206,CG18476
MRG15_SRR3487208,MRG15
CG7357_SRR3487210,CG7357
kay_SRR3487211,kay
net_SRR3487213,net
HGTX_SRR3487214,HGTX
Ravus_SRR3487216,Ravus
Myb_SRR3487217,Myb
CG31612_SRR3487219,CG31612
Nurf-38_SRR3487220,Nurf-38
CG1602_SRR3487221,CG1602
CG15073_SRR3487223,CG15073
HLH106_SRR3487226,HLH106
Rpb11_SRR3487230,Rpb11
CG1663_SRR3487233,CG1663
rno_SRR3487236,rno
CG2051_SRR3487238,CG2051
Taf7_SRR3487239,Taf7
Nf-YB_SRR3487240,Nf-YB
MED16_SRR3487242,MED16
Atf6_SRR3487243,Atf6
E[Pc]_SRR3487245,E[Pc]
CG10147_SRR3487247,CG10147
cyc_SRR3487249,cyc
Spt3_SRR3487251,Spt3
Su[H]_SRR3487253,Su[H]
EcR_SRR3487255,EcR
Iswi_SRR3487257,Iswi
sbb_SRR3487258,sbb
CG6272_SRR3487260,CG6272
CG4820_SRR3487263,CG4820
crc_SRR3487265,crc
grau_SRR3487266,grau
mle_SRR3487267,mle
CG30020_SRR3487268,CG30020
CG13897_SRR3487270,CG13897
MED24_SRR3487271,MED24
Aef1_SRR3487273,Aef1
CG5245_SRR3487275,CG5245
crp_SRR3487277,crp
CG18446_SRR3487280,CG18446
D19B_SRR3487283,D19B
skd_SRR3487285,skd
MED7_SRR3487287,MED7
CG18619_SRR3487288,CG18619
nab_SRR3487294,nab
CkIIalpha-i1_SRR3487296,CkIIalpha-i1
CG10979_SRR3487297,CG10979
MBD-R2_SRR3487298,MBD-R2
CG6808_SRR3487299,CG6808
dl_SRR3487301,dl
CG13204_SRR3487303,CG13204
MED8_SRR3487305,MED8
msl-3_SRR3487307,msl-3
HGTX_SRR3487309,HGTX
Ravus_SRR3487311,Ravus
Myb_SRR3487312,Myb
CG31612_SRR3487314,CG31612
CG8089_SRR3487317,CG8089
CG10654_SRR3487320,CG10654
CG14667_SRR3487322,CG14667
e[y]1_SRR3487324,e[y]1
Nipped-A_SRR3487327,Nipped-A
MESR4_SRR3487330,MESR4
CG17359_SRR3487332,CG17359
Taf7_SRR3487334,Taf7
Dif_SRR3487336,Dif
Atf6_SRR3487338,Atf6
E[Pc]_SRR3487340,E[Pc]
CG10147_SRR3487342,CG10147
MED10_SRR3487343,MED10
Alh_SRR3487345,Alh
Spt3_SRR3487346,Spt3
Su[H]_SRR3487348,Su[H]
HmgZ_SRR3487349,HmgZ
CG18011_SRR3487351,CG18011
sbb_SRR3487353,sbb
CG7386_SRR3487354,CG7386
CG6272_SRR3487355,CG6272
CG1024_SRR3487357,CG1024
Hand_SRR3487359,Hand
grau_SRR3487361,grau
CG30020_SRR3487363,CG30020
MED24_SRR3487366,MED24
Aef1_SRR3487368,Aef1
CG5245_SRR3487370,CG5245
crp_SRR3487372,crp
CG18446_SRR3487375,CG18446
nab_SRR3487377,nab
Chd3_SRR3487379,Chd3
CG3909_SRR3487381,CG3909
CG18619_SRR3487383,CG18619
da_SRR3487384,da
Blos1_SRR3487386,Blos1
gem_SRR3487387,gem
nab_SRR3487389,nab
CG10979_SRR3487392,CG10979
MBD-R2_SRR3487393,MBD-R2
YL-1_SRR3487395,YL-1
CG9890_SRR3487397,CG9890
CG13204_SRR3487398,CG13204
MED8_SRR3487400,MED8
msl-3_SRR3487402,msl-3
sd_SRR3487404,sd
br_SRR3487406,br
mRpL55_SRR3487410,mRpL55
Ets97D_SRR3487412,Ets97D
HP1b_SRR3487413,HP1b
e[y]2_SRR3487415,e[y]2
HGTX_SRR3487417,HGTX
CG7963_SRR3487419,CG7963
lds_SRR3487421,lds
dys_SRR3487422,dys
Ets96B_SRR3487423,Ets96B
MED26_SRR3487424,MED26
mof_SRR3487426,mof
CG34422_SRR3487427,CG34422
CG8145_SRR3487430,CG8145
ranshi_SRR3487431,ranshi
E2f1_SRR3487434,E2f1
pho_SRR3487435,pho
HmgZ_SRR3487437,HmgZ
CG9215_SRR3487438,CG9215
CG10321_SRR3487439,CG10321
d4_SRR3487441,d4
CG8159_SRR3487442,CG8159
pad_SRR3487444,pad
btn_SRR3487446,btn
CG12236_SRR3487447,CG12236
pita_SRR3487449,pita
luna_SRR3487451,luna
bl_SRR3487453,bl
Rbf2_SRR3487455,Rbf2
trem_SRR3487457,trem
sqz_SRR3487458,sqz
MED18_SRR3487460,MED18
dik_SRR3487462,dik
CG31224_SRR3487464,CG31224
Rfx_SRR3487467,Rfx
cnc_SRR3487469,cnc
MED22_SRR3487471,MED22
mip130_SRR3487472,mip130
MED26_SRR3487476,MED26
RpII15_SRR3487479,RpII15
CG3032_SRR3487483,CG3032
exd_SRR3487486,exd
CG3847_SRR3487488,CG3847
Scm_SRR3487491,Scm
Mes-4_SRR3487494,Mes-4
CG3711_SRR3487496,CG3711
Taf8_SRR3487498,Taf8
CG30020_SRR3487500,CG30020
CG6813_SRR3487502,CG6813
Su[var]3-7_SRR3487504,Su[var]3-7
mRpL55_SRR3487505,mRpL55
CG4854_SRR3487506,CG4854
HP1b_SRR3487508,HP1b
Trf2_SRR3487509,Trf2
e[y]2_SRR3487510,e[y]2
HGTX_SRR3487512,HGTX
CG7963_SRR3487514,CG7963
dys_SRR3487517,dys
Ets96B_SRR3487518,Ets96B
CG8145_SRR3487525,CG8145
ranshi_SRR3487526,ranshi
MBD-like_SRR3487527,MBD-like
CG17802_SRR3487528,CG17802
E2f1_SRR3487529,E2f1
pho_SRR3487530,pho
CG8159_SRR3487537,CG8159
jumu_SRR3487538,jumu
pad_SRR3487539,pad
CG43343_SRR3487540,CG43343
btn_SRR3487541,btn
CG10669_SRR3487551,CG10669
CG18262_SRR3487554,CG18262
MED18_SRR3487555,MED18
Hmr_SRR3487556,Hmr
CG31224_SRR3487559,CG31224
Hr51_SRR3487560,Hr51
CG8319_SRR3487561,CG8319
Rfx_SRR3487562,Rfx
LacZ_SRR3487563,LacZ
cnc_SRR3487564,cnc
mip130_SRR3487567,mip130
CG2889_SRR3487568,CG2889
MED26_SRR3487571,MED26
CG7101_SRR3487572,CG7101
dys_SRR3487575,dys
CG3032_SRR3487578,CG3032
mamo_SRR3487580,mamo
CG3847_SRR3487583,CG3847
Rpb10_SRR3487587,Rpb10
CG4557_SRR3487590,CG4557
Pcl_SRR3487594,Pcl
Pdp1_SRR3487597,Pdp1
psq_SRR3487598,psq
vri_SRR3487600,vri
emc_SRR3487601,emc
CG32772_SRR3487602,CG32772
achi_SRR3487604,achi
fru_SRR3487606,fru
ix_SRR3487607,ix
CG1965_SRR3487611,CG1965
wda_SRR3487614,wda
YL-1_SRR3487615,YL-1
chm_SRR3487616,chm
Eip74EF_SRR3487617,Eip74EF
NC2beta_SRR3487618,NC2beta
usp_SRR3487619,usp
CG8924_SRR3487620,CG8924
Nf-YC_SRR3487621,Nf-YC
CG11247_SRR3487622,CG11247
Mrtf_SRR3487623,Mrtf
h_SRR3487624,h
Nipped-A_SRR3487625,Nipped-A
EloA_SRR3487626,EloA
BtbVII_SRR3487627,BtbVII
TfIIS_SRR3487631,TfIIS
brk_SRR3487632,brk
chinmo_SRR3487637,chinmo
bl_SRR3487638,bl
ct_SRR3487639,ct
phol_SRR3487640,phol
luna_SRR3487641,luna
Mef2_SRR3487642,Mef2
MED30_SRR3487646,MED30
CG9418_SRR3487651,CG9418
mof_SRR3487652,mof
NK7.1_SRR3487653,NK7.1
MED31_SRR3487654,MED31
Sry-delta_SRR3487655,Sry-delta
peb_SRR3487656,peb
Xbp1_SRR3487657,Xbp1
LacZ_SRR3487658,LacZ
Spps_SRR3487659,Spps
tef_SRR3487660,tef
Asx_SRR3487661,Asx
D19B_SRR3487663,D19B
Sry-beta_SRR3487664,Sry-beta
bs_SRR3487668,bs
CG42724_SRR3487672,CG42724
MED15_SRR3487673,MED15
CG8319_SRR3487674,CG8319
MED23_SRR3487676,MED23
CG11294_SRR3487679,CG11294
tna_SRR3487683,tna
CoRest_SRR3487684,CoRest
Chd3_SRR3487685,Chd3
CG10274_SRR3487686,CG10274
NFAT_SRR3487688,NFAT
Pcl_SRR3487689,Pcl
Rbf_SRR3487690,Rbf
Usf_SRR3487691,Usf
Pdp1_SRR3487692,Pdp1
psq_SRR3487693,psq
Bap170_SRR3487694,Bap170
vri_SRR3487695,vri
emc_SRR3487696,emc
CG32772_SRR3487697,CG32772
CG8944_SRR3487698,CG8944
achi_SRR3487699,achi
MTA1-like_SRR3487700,MTA1-like
fru_SRR3487701,fru
ix_SRR3487702,ix
stwl_SRR3487703,stwl
Atf3_SRR3487704,Atf3
CG10543_SRR3487705,CG10543
CG1965_SRR3487706,CG1965
ph-d_SRR3487707,ph-d
E[var]3-9_SRR3487708,E[var]3-9
wda_SRR3487709,wda
YL-1_SRR3487710,YL-1
NC2beta_SRR3487713,NC2beta
Mrtf_SRR3487718,Mrtf
h_SRR3487719,h
pnr_SRR3487725,pnr
Tbp_SRR3487728,Tbp
Nf-YA_SRR3487729,Nf-YA
apt_SRR3487731,apt
bl_SRR3487733,bl
ct_SRR3487734,ct
phol_SRR3487735,phol
Eip75B_SRR3487739,Eip75B
MED30_SRR3487741,MED30
trr_SRR3487743,trr
dm_SRR3487744,dm
Blimp-1_SRR3487745,Blimp-1
CG9418_SRR3487746,CG9418
MED31_SRR3487749,MED31
Sry-delta_SRR3487750,Sry-delta
Spps_SRR3487754,Spps
CG4730_SRR3487757,CG4730
ftz-f1_SRR3487760,ftz-f1
Smox_SRR3487761,Smox
bs_SRR3487763,bs
Clamp_SRR3487764,Clamp
hang_SRR3487766,hang
CG8319_SRR3487769,CG8319
Lmpt_SRR3487772,Lmpt
Lmpt_SRR3487776,Lmpt
E[spl]m3-HLH_SRR3487777,E[spl]m3-HLH
Chd3_SRR3487780,Chd3
CG10274_SRR3487781,CG10274
NFAT_SRR3487783,NFAT
cg_SRR3487786,cg
Taf4_SRR3487788,Taf4
CG10366_SRR3487790,CG10366
zfh1_SRR3487792,zfh1
CG8159_SRR3487794,CG8159
lola_SRR3487795,lola
CG17612_SRR3487797,CG17612
Spt3_SRR3487799,Spt3
vri_SRR3487801,vri
btn_SRR3487802,btn
Gcn5_SRR3487804,Gcn5
CG4854_SRR3487806,CG4854
CG6276_SRR3487807,CG6276
CG3281_SRR3487808,CG3281
CG1792_SRR3487809,CG1792
MED11_SRR3487811,MED11
CG1233_SRR3487812,CG1233
CG9609_SRR3487815,CG9609
bigmax_SRR3487817,bigmax
Hr78_SRR3487818,Hr78
CG14667_SRR3487819,CG14667
Dsp1_SRR3487821,Dsp1
Deaf1_SRR3487823,Deaf1
d4_SRR3487825,d4
D19A_SRR3487827,D19A
CG13204_SRR3487830,CG13204
trr_SRR3487833,trr
CG12942_SRR3487835,CG12942
MED16_SRR3487837,MED16
brk_SRR3487840,brk
Ssb-c31a_SRR3487842,Ssb-c31a
sba_SRR3487846,sba
LacZ_SRR3487848,LacZ
Nurf-38_SRR3487850,Nurf-38
Ets97D_SRR3487853,Ets97D
CG1663_SRR3487855,CG1663
E[spl]m3-HLH_SRR3487856,E[spl]m3-HLH
aop_SRR3487858,aop
CG12299_SRR3487861,CG12299
Hnf4_SRR3487862,Hnf4
grau_SRR3487864,grau
Hsf_SRR3487865,Hsf
CG1529_SRR3487866,CG1529
Su[var]2-10_SRR3487867,Su[var]2-10
dalao_SRR3487869,dalao
Iswi_SRR3487871,Iswi
CG12219_SRR3487873,CG12219
CG15073_SRR3487875,CG15073
DIP1_SRR3487876,DIP1
Xpd_SRR3487877,Xpd
Cf2_SRR3487879,Cf2
cg_SRR3487881,cg
